{
	"x" : 
	[
		0.068439297378063202,
		0.049045808613300323,
		0.028106503188610077
	],
	"xx" : 
	[
		0.27078977227210999,
		0.18973968923091888,
		0.12197588384151459
	],
	"xy" : 
	[
		-0.023533681407570839,
		-0.011626155115664005,
		-0.0015431985957548022
	],
	"y" : 
	[
		-0.054515574127435684,
		-0.026094214990735054,
		-0.00083989737322553992
	],
	"yy" : 
	[
		0.27496108412742615,
		0.19115555286407471,
		0.12246008962392807
	],
	"yz" : 
	[
		0.0003201421641279012,
		0.0024314573965966702,
		0.0024878086987882853
	],
	"z" : 
	[
		-0.020921668037772179,
		-0.024940416216850281,
		-0.026166984811425209
	],
	"zx" : 
	[
		-0.0035707456991076469,
		-0.0055353804491460323,
		-0.0064763152040541172
	],
	"zz" : 
	[
		0.27441975474357605,
		0.19986012578010559,
		0.13664524257183075
	]
}
