{
  "name": "Bip001 Pelvis",
  "localPosition": {
    "x": -1.55755742E-09,
    "y": 1.22350967,
    "z": -0.0356327631
  },
  "localRotation": {
    "x": 0.5,
    "y": -0.5,
    "z": -0.5,
    "w": 0.5
  },
  "localScale": {
    "x": 0.99999994,
    "y": 0.99999994,
    "z": 1.0
  },
  "childCount": 3,
  "children": [
    {
      "name": "Bip001 L Thigh",
      "localPosition": {
        "x": 2.90679935E-07,
        "y": 3.17931182E-07,
        "z": 0.189646423
      },
      "localRotation": {
        "x": 0.0,
        "y": 1.0,
        "z": 0.0,
        "w": -4.371139E-08
      },
      "localScale": {
        "x": 1.00000048,
        "y": 1.00000083,
        "z": 1.00000024
      },
      "childCount": 1,
      "children": [
        {
          "name": "Bip001 L Calf",
          "localPosition": {
            "x": -0.6094277,
            "y": 0.0,
            "z": 0.0
          },
          "localRotation": {
            "x": 0.0,
            "y": 0.0,
            "z": 0.0,
            "w": 1.0
          },
          "localScale": {
            "x": 1.00000048,
            "y": 1.00000072,
            "z": 1.00000036
          },
          "childCount": 1,
          "children": [
            {
              "name": "Bip001 L Foot",
              "localPosition": {
                "x": -0.427990258,
                "y": 0.0,
                "z": 2.42233273E-08
              },
              "localRotation": {
                "x": 0.0,
                "y": 0.0,
                "z": 0.0,
                "w": 1.0
              },
              "localScale": {
                "x": 1.00000012,
                "y": 0.9999997,
                "z": 1.00000012
              },
              "childCount": 1,
              "children": [
                {
                  "name": "Bip001 L Toe0",
                  "localPosition": {
                    "x": -0.181221932,
                    "y": 0.272826672,
                    "z": 0.0
                  },
                  "localRotation": {
                    "x": 0.0,
                    "y": 0.0,
                    "z": 0.7071068,
                    "w": -0.7071068
                  },
                  "localScale": {
                    "x": 1.00000072,
                    "y": 1.0,
                    "z": 1.00000024
                  },
                  "childCount": 1,
                  "children": [
                    {
                      "name": "Bip001 L Toe0Nub",
                      "localPosition": {
                        "x": -0.148509473,
                        "y": -7.56979E-10,
                        "z": 0.0
                      },
                      "localRotation": {
                        "x": 0.0,
                        "y": 0.0,
                        "z": 0.0,
                        "w": 1.0
                      },
                      "localScale": {
                        "x": -1.0,
                        "y": -0.99999994,
                        "z": -0.99999994
                      },
                      "childCount": 0,
                      "children": []
                    }
                  ]
                }
              ]
            }
          ]
        }
      ]
    },
    {
      "name": "Bip001 R Thigh",
      "localPosition": {
        "x": -2.90679935E-07,
        "y": -2.089262E-07,
        "z": -0.189646423
      },
      "localRotation": {
        "x": 0.0,
        "y": 1.0,
        "z": 0.0,
        "w": -4.371139E-08
      },
      "localScale": {
        "x": 1.00000107,
        "y": 1.00000072,
        "z": 1.000001
      },
      "childCount": 1,
      "children": [
        {
          "name": "Bip001 R Calf",
          "localPosition": {
            "x": -0.6094277,
            "y": 0.0,
            "z": 0.0
          },
          "localRotation": {
            "x": 0.0,
            "y": 0.0,
            "z": 0.0,
            "w": 1.0
          },
          "localScale": {
            "x": 1.00000024,
            "y": 1.0000006,
            "z": 1.00000012
          },
          "childCount": 1,
          "children": [
            {
              "name": "Bip001 R Foot",
              "localPosition": {
                "x": -0.427990258,
                "y": 0.0,
                "z": 2.42233273E-08
              },
              "localRotation": {
                "x": 0.0,
                "y": 0.0,
                "z": 0.0,
                "w": 1.0
              },
              "localScale": {
                "x": 1.00000024,
                "y": 0.999999642,
                "z": 1.0
              },
              "childCount": 1,
              "children": [
                {
                  "name": "Bip001 R Toe0",
                  "localPosition": {
                    "x": -0.181221932,
                    "y": 0.272826672,
                    "z": 0.0
                  },
                  "localRotation": {
                    "x": 0.0,
                    "y": 0.0,
                    "z": 0.7071068,
                    "w": -0.7071068
                  },
                  "localScale": {
                    "x": 1.0,
                    "y": 0.9999998,
                    "z": 1.0
                  },
                  "childCount": 1,
                  "children": [
                    {
                      "name": "Bip001 R Toe0Nub",
                      "localPosition": {
                        "x": -0.148509443,
                        "y": 0.0,
                        "z": 0.0
                      },
                      "localRotation": {
                        "x": 0.0,
                        "y": 0.0,
                        "z": 0.0,
                        "w": 1.0
                      },
                      "localScale": {
                        "x": 0.99999994,
                        "y": 1.0,
                        "z": 0.99999994
                      },
                      "childCount": 0,
                      "children": []
                    }
                  ]
                }
              ]
            }
          ]
        }
      ]
    },
    {
      "name": "Bip001 Spine",
      "localPosition": {
        "x": -0.161174372,
        "y": -0.000471355685,
        "z": 2.241702E-07
      },
      "localRotation": {
        "x": 0.0,
        "y": 0.0,
        "z": 0.0,
        "w": 1.0
      },
      "localScale": {
        "x": 1.00000072,
        "y": 1.00000072,
        "z": 1.000001
      },
      "childCount": 3,
      "children": [
        {
          "name": "Bip001 L Clavicle",
          "localPosition": {
            "x": -0.5700798,
            "y": 0.0006133286,
            "z": 0.127353981
          },
          "localRotation": {
            "x": 0.7071068,
            "y": -3.09086232E-08,
            "z": -0.7071068,
            "w": 3.09086232E-08
          },
          "localScale": {
            "x": 0.99999994,
            "y": 1.00000179,
            "z": 1.00000179
          },
          "childCount": 1,
          "children": [
            {
              "name": "Bip001 L UpperArm",
              "localPosition": {
                "x": -0.249685481,
                "y": 0.0,
                "z": 0.0
              },
              "localRotation": {
                "x": 0.0,
                "y": 0.0,
                "z": 0.0,
                "w": 1.0
              },
              "localScale": {
                "x": 1.0,
                "y": 1.00000119,
                "z": 1.00000083
              },
              "childCount": 1,
              "children": [
                {
                  "name": "Bip001 L Forearm",
                  "localPosition": {
                    "x": -0.4044886,
                    "y": 0.0,
                    "z": -1.93786619E-07
                  },
                  "localRotation": {
                    "x": 0.0,
                    "y": 0.0,
                    "z": 0.0,